level,level_name,official_code,parent_official_code,name,slug,lat,lng
1,REGION,01,,Tarapacá,tarapaca,,
1,REGION,02,,Antofagasta,antofagasta,,
1,REGION,03,,Atacama,atacama,,
1,REGION,04,,Coquimbo,coquimbo,,
1,REGION,05,,Valparaíso,valparaiso,,
1,REGION,06,,Libertador General Bernardo O'Higgins,libertador-general-bernardo-o-higgins,,
1,REGION,07,,Maule,maule,,
1,REGION,08,,Biobío,biobio,,
1,REGION,09,,La Araucanía,la-araucania,,
1,REGION,10,,Los Lagos,los-lagos,,
1,REGION,11,,Aysén del General Carlos Ibáñez del Campo,aysen-del-general-carlos-ibanez-del-campo,,
1,REGION,12,,Magallanes y de la Antártica Chilena,magallanes-y-de-la-antartica-chilena,,
1,REGION,13,,Metropolitana de Santiago,metropolitana-de-santiago,,
1,REGION,14,,Los Ríos,los-rios,,
1,REGION,15,,Arica y Parinacota,arica-y-parinacota,,
1,REGION,16,,Ñuble,nuble,,
2,PROVINCIA,011,01,Iquique,iquique,,
2,PROVINCIA,014,01,Tamarugal,tamarugal,,
2,PROVINCIA,021,02,Antofagasta,antofagasta,,
2,PROVINCIA,022,02,El Loa,el-loa,,
2,PROVINCIA,023,02,Tocopilla,tocopilla,,
2,PROVINCIA,031,03,Copiapó,copiapo,,
2,PROVINCIA,032,03,Chañaral,chanaral,,
2,PROVINCIA,033,03,Huasco,huasco,,
2,PROVINCIA,041,04,Elqui,elqui,,
2,PROVINCIA,042,04,Choapa,choapa,,
2,PROVINCIA,043,04,Limarí,limari,,
2,PROVINCIA,051,05,Valparaíso,valparaiso,,
2,PROVINCIA,052,05,Isla de Pascua,isla-de-pascua,,
2,PROVINCIA,053,05,Los Andes,los-andes,,
2,PROVINCIA,054,05,Petorca,petorca,,
2,PROVINCIA,055,05,Quillota,quillota,,
2,PROVINCIA,056,05,San Antonio,san-antonio,,
2,PROVINCIA,057,05,San Felipe de Aconcagua,san-felipe-de-aconcagua,,
2,PROVINCIA,058,05,Marga Marga,marga-marga,,
2,PROVINCIA,061,06,Cachapoal,cachapoal,,
2,PROVINCIA,062,06,Cardenal Caro,cardenal-caro,,
2,PROVINCIA,063,06,Colchagua,colchagua,,
2,PROVINCIA,071,07,Talca,talca,,
2,PROVINCIA,072,07,Cauquenes,cauquenes,,
2,PROVINCIA,073,07,Curicó,curico,,
2,PROVINCIA,074,07,Linares,linares,,
2,PROVINCIA,081,08,Concepción,concepcion,,
2,PROVINCIA,082,08,Arauco,arauco,,
2,PROVINCIA,083,08,Biobío,biobio,,
2,PROVINCIA,091,09,Cautín,cautin,,
2,PROVINCIA,092,09,Malleco,malleco,,
2,PROVINCIA,101,10,Llanquihue,llanquihue,,
2,PROVINCIA,102,10,Chiloé,chiloe,,
2,PROVINCIA,103,10,Osorno,osorno,,
2,PROVINCIA,104,10,Palena,palena,,
2,PROVINCIA,111,11,Coihaique,coihaique,,
2,PROVINCIA,112,11,Aisén,aisen,,
2,PROVINCIA,113,11,Capitán Prat,capitan-prat,,
2,PROVINCIA,114,11,General Carrera,general-carrera,,
2,PROVINCIA,121,12,Magallanes,magallanes,,
2,PROVINCIA,122,12,Antártica Chilena,antartica-chilena,,
2,PROVINCIA,123,12,Tierra del Fuego,tierra-del-fuego,,
2,PROVINCIA,124,12,Última Esperanza,ultima-esperanza,,
2,PROVINCIA,131,13,Santiago,santiago,,
2,PROVINCIA,132,13,Cordillera,cordillera,,
2,PROVINCIA,133,13,Chacabuco,chacabuco,,
2,PROVINCIA,134,13,Maipo,maipo,,
2,PROVINCIA,135,13,Melipilla,melipilla,,
2,PROVINCIA,136,13,Talagante,talagante,,
2,PROVINCIA,141,14,Valdivia,valdivia,,
2,PROVINCIA,142,14,Ranco,ranco,,
2,PROVINCIA,151,15,Arica,arica,,
2,PROVINCIA,152,15,Parinacota,parinacota,,
2,PROVINCIA,161,16,Diguillín,diguillin,,
2,PROVINCIA,162,16,Itata,itata,,
2,PROVINCIA,163,16,Punilla,punilla,,
3,COMUNA,01101,011,Iquique,iquique,,
3,COMUNA,01107,011,Alto Hospicio,alto-hospicio,,
3,COMUNA,01401,014,Pozo Almonte,pozo-almonte,,
3,COMUNA,01402,014,Camiña,camina,,
3,COMUNA,01403,014,Colchane,colchane,,
3,COMUNA,01404,014,Huara,huara,,
3,COMUNA,01405,014,Pica,pica,,
3,COMUNA,02101,021,Antofagasta,antofagasta,,
3,COMUNA,02102,021,Mejillones,mejillones,,
3,COMUNA,02103,021,Sierra Gorda,sierra-gorda,,
3,COMUNA,02104,021,Taltal,taltal,,
3,COMUNA,02201,022,Calama,calama,,
3,COMUNA,02202,022,Ollagüe,ollague,,
3,COMUNA,02203,022,San Pedro de Atacama,san-pedro-de-atacama,,
3,COMUNA,02301,023,Tocopilla,tocopilla,,
3,COMUNA,02302,023,María Elena,maria-elena,,
3,COMUNA,03101,031,Copiapó,copiapo,,
3,COMUNA,03102,031,Caldera,caldera,,
3,COMUNA,03103,031,Tierra Amarilla,tierra-amarilla,,
3,COMUNA,03201,032,Chañaral,chanaral,,
3,COMUNA,03202,032,Diego de Almagro,diego-de-almagro,,
3,COMUNA,03301,033,Vallenar,vallenar,,
3,COMUNA,03302,033,Alto del Carmen,alto-del-carmen,,
3,COMUNA,03303,033,Freirina,freirina,,
3,COMUNA,03304,033,Huasco,huasco,,
3,COMUNA,04101,041,La Serena,la-serena,,
3,COMUNA,04102,041,Coquimbo,coquimbo,,
3,COMUNA,04103,041,Andacollo,andacollo,,
3,COMUNA,04104,041,La Higuera,la-higuera,,
3,COMUNA,04105,041,Paiguano,paiguano,,
3,COMUNA,04106,041,Vicuña,vicuna,,
3,COMUNA,04201,042,Illapel,illapel,,
3,COMUNA,04202,042,Canela,canela,,
3,COMUNA,04203,042,Los Vilos,los-vilos,,
3,COMUNA,04204,042,Salamanca,salamanca,,
3,COMUNA,04301,043,Ovalle,ovalle,,
3,COMUNA,04302,043,Combarbalá,combarbala,,
3,COMUNA,04303,043,Monte Patria,monte-patria,,
3,COMUNA,04304,043,Punitaqui,punitaqui,,
3,COMUNA,04305,043,Río Hurtado,rio-hurtado,,
3,COMUNA,05101,051,Valparaíso,valparaiso,,
3,COMUNA,05102,051,Casablanca,casablanca,,
3,COMUNA,05103,051,Concón,concon,,
3,COMUNA,05104,051,Juan Fernández,juan-fernandez,,
3,COMUNA,05105,051,Puchuncaví,puchuncavi,,
3,COMUNA,05107,051,Quintero,quintero,,
3,COMUNA,05109,051,Viña del Mar,vina-del-mar,,
3,COMUNA,05201,052,Isla de Pascua,isla-de-pascua,,
3,COMUNA,05301,053,Los Andes,los-andes,,
3,COMUNA,05302,053,Calle Larga,calle-larga,,
3,COMUNA,05303,053,Rinconada,rinconada,,
3,COMUNA,05304,053,San Esteban,san-esteban,,
3,COMUNA,05401,054,La Ligua,la-ligua,,
3,COMUNA,05402,054,Cabildo,cabildo,,
3,COMUNA,05403,054,Papudo,papudo,,
3,COMUNA,05404,054,Petorca,petorca,,
3,COMUNA,05405,054,Zapallar,zapallar,,
3,COMUNA,05501,055,Quillota,quillota,,
3,COMUNA,05502,055,Calera,calera,,
3,COMUNA,05503,055,Hijuelas,hijuelas,,
3,COMUNA,05504,055,La Cruz,la-cruz,,
3,COMUNA,05506,055,Nogales,nogales,,
3,COMUNA,05601,056,San Antonio,san-antonio,,
3,COMUNA,05602,056,Algarrobo,algarrobo,,
3,COMUNA,05603,056,Cartagena,cartagena,,
3,COMUNA,05604,056,El Quisco,el-quisco,,
3,COMUNA,05605,056,El Tabo,el-tabo,,
3,COMUNA,05606,056,Santo Domingo,santo-domingo,,
3,COMUNA,05701,057,San Felipe,san-felipe,,
3,COMUNA,05702,057,Catemu,catemu,,
3,COMUNA,05703,057,Llaillay,llaillay,,
3,COMUNA,05704,057,Panquehue,panquehue,,
3,COMUNA,05705,057,Putaendo,putaendo,,
3,COMUNA,05706,057,Santa María,santa-maria,,
3,COMUNA,05801,058,Quilpué,quilpue,,
3,COMUNA,05802,058,Limache,limache,,
3,COMUNA,05803,058,Olmué,olmue,,
3,COMUNA,05804,058,Villa Alemana,villa-alemana,,
3,COMUNA,06101,061,Rancagua,rancagua,,
3,COMUNA,06102,061,Codegua,codegua,,
3,COMUNA,06103,061,Coinco,coinco,,
3,COMUNA,06104,061,Coltauco,coltauco,,
3,COMUNA,06105,061,Doñihue,donihue,,
3,COMUNA,06106,061,Graneros,graneros,,
3,COMUNA,06107,061,Las Cabras,las-cabras,,
3,COMUNA,06108,061,Machalí,machali,,
3,COMUNA,06109,061,Malloa,malloa,,
3,COMUNA,06110,061,Mostazal,mostazal,,
3,COMUNA,06111,061,Olivar,olivar,,
3,COMUNA,06112,061,Peumo,peumo,,
3,COMUNA,06113,061,Pichidegua,pichidegua,,
3,COMUNA,06114,061,Quinta de Tilcoco,quinta-de-tilcoco,,
3,COMUNA,06115,061,Rengo,rengo,,
3,COMUNA,06116,061,Requínoa,requinoa,,
3,COMUNA,06117,061,San Vicente,san-vicente,,
3,COMUNA,06201,062,Pichilemu,pichilemu,,
3,COMUNA,06202,062,La Estrella,la-estrella,,
3,COMUNA,06203,062,Litueche,litueche,,
3,COMUNA,06204,062,Marchihue,marchihue,,
3,COMUNA,06205,062,Navidad,navidad,,
3,COMUNA,06206,062,Paredones,paredones,,
3,COMUNA,06301,063,San Fernando,san-fernando,,
3,COMUNA,06302,063,Chépica,chepica,,
3,COMUNA,06303,063,Chimbarongo,chimbarongo,,
3,COMUNA,06304,063,Lolol,lolol,,
3,COMUNA,06305,063,Nancagua,nancagua,,
3,COMUNA,06306,063,Palmilla,palmilla,,
3,COMUNA,06307,063,Peralillo,peralillo,,
3,COMUNA,06308,063,Placilla,placilla,,
3,COMUNA,06309,063,Pumanque,pumanque,,
3,COMUNA,06310,063,Santa Cruz,santa-cruz,,
3,COMUNA,07101,071,Talca,talca,,
3,COMUNA,07102,071,Constitución,constitucion,,
3,COMUNA,07103,071,Curepto,curepto,,
3,COMUNA,07104,071,Empedrado,empedrado,,
3,COMUNA,07105,071,Maule,maule,,
3,COMUNA,07106,071,Pelarco,pelarco,,
3,COMUNA,07107,071,Pencahue,pencahue,,
3,COMUNA,07108,071,Río Claro,rio-claro,,
3,COMUNA,07109,071,San Clemente,san-clemente,,
3,COMUNA,07110,071,San Rafael,san-rafael,,
3,COMUNA,07201,072,Cauquenes,cauquenes,,
3,COMUNA,07202,072,Chanco,chanco,,
3,COMUNA,07203,072,Pelluhue,pelluhue,,
3,COMUNA,07301,073,Curicó,curico,,
3,COMUNA,07302,073,Hualañé,hualane,,
3,COMUNA,07303,073,Licantén,licanten,,
3,COMUNA,07304,073,Molina,molina,,
3,COMUNA,07305,073,Rauco,rauco,,
3,COMUNA,07306,073,Romeral,romeral,,
3,COMUNA,07307,073,Sagrada Familia,sagrada-familia,,
3,COMUNA,07308,073,Teno,teno,,
3,COMUNA,07309,073,Vichuquén,vichuquen,,
3,COMUNA,07401,074,Linares,linares,,
3,COMUNA,07402,074,Colbún,colbun,,
3,COMUNA,07403,074,Longaví,longavi,,
3,COMUNA,07404,074,Parral,parral,,
3,COMUNA,07405,074,Retiro,retiro,,
3,COMUNA,07406,074,San Javier,san-javier,,
3,COMUNA,07407,074,Villa Alegre,villa-alegre,,
3,COMUNA,07408,074,Yerbas Buenas,yerbas-buenas,,
3,COMUNA,08101,081,Concepción,concepcion,,
3,COMUNA,08102,081,Coronel,coronel,,
3,COMUNA,08103,081,Chiguayante,chiguayante,,
3,COMUNA,08104,081,Florida,florida,,
3,COMUNA,08105,081,Hualqui,hualqui,,
3,COMUNA,08106,081,Lota,lota,,
3,COMUNA,08107,081,Penco,penco,,
3,COMUNA,08108,081,San Pedro de la Paz,san-pedro-de-la-paz,,
3,COMUNA,08109,081,Santa Juana,santa-juana,,
3,COMUNA,08110,081,Talcahuano,talcahuano,,
3,COMUNA,08111,081,Tomé,tome,,
3,COMUNA,08112,081,Hualpén,hualpen,,
3,COMUNA,08201,082,Lebu,lebu,,
3,COMUNA,08202,082,Arauco,arauco,,
3,COMUNA,08203,082,Cañete,canete,,
3,COMUNA,08204,082,Contulmo,contulmo,,
3,COMUNA,08205,082,Curanilahue,curanilahue,,
3,COMUNA,08206,082,Los Álamos,los-alamos,,
3,COMUNA,08207,082,Tirúa,tirua,,
3,COMUNA,08301,083,Los Ángeles,los-angeles,,
3,COMUNA,08302,083,Antuco,antuco,,
3,COMUNA,08303,083,Cabrero,cabrero,,
3,COMUNA,08304,083,Laja,laja,,
3,COMUNA,08305,083,Mulchén,mulchen,,
3,COMUNA,08306,083,Nacimiento,nacimiento,,
3,COMUNA,08307,083,Negrete,negrete,,
3,COMUNA,08308,083,Quilaco,quilaco,,
3,COMUNA,08309,083,Quilleco,quilleco,,
3,COMUNA,08310,083,San Rosendo,san-rosendo,,
3,COMUNA,08311,083,Santa Bárbara,santa-barbara,,
3,COMUNA,08312,083,Tucapel,tucapel,,
3,COMUNA,08313,083,Yumbel,yumbel,,
3,COMUNA,08314,083,Alto Biobío,alto-biobio,,
3,COMUNA,09101,091,Temuco,temuco,,
3,COMUNA,09102,091,Carahue,carahue,,
3,COMUNA,09103,091,Cunco,cunco,,
3,COMUNA,09104,091,Curarrehue,curarrehue,,
3,COMUNA,09105,091,Freire,freire,,
3,COMUNA,09106,091,Galvarino,galvarino,,
3,COMUNA,09107,091,Gorbea,gorbea,,
3,COMUNA,09108,091,Lautaro,lautaro,,
3,COMUNA,09109,091,Loncoche,loncoche,,
3,COMUNA,09110,091,Melipeuco,melipeuco,,
3,COMUNA,09111,091,Nueva Imperial,nueva-imperial,,
3,COMUNA,09112,091,Padre Las Casas,padre-las-casas,,
3,COMUNA,09113,091,Perquenco,perquenco,,
3,COMUNA,09114,091,Pitrufquén,pitrufquen,,
3,COMUNA,09115,091,Pucón,pucon,,
3,COMUNA,09116,091,Saavedra,saavedra,,
3,COMUNA,09117,091,Teodoro Schmidt,teodoro-schmidt,,
3,COMUNA,09118,091,Toltén,tolten,,
3,COMUNA,09119,091,Vilcún,vilcun,,
3,COMUNA,09120,091,Villarrica,villarrica,,
3,COMUNA,09121,091,Cholchol,cholchol,,
3,COMUNA,09201,092,Angol,angol,,
3,COMUNA,09202,092,Collipulli,collipulli,,
3,COMUNA,09203,092,Curacautín,curacautin,,
3,COMUNA,09204,092,Ercilla,ercilla,,
3,COMUNA,09205,092,Lonquimay,lonquimay,,
3,COMUNA,09206,092,Los Sauces,los-sauces,,
3,COMUNA,09207,092,Lumaco,lumaco,,
3,COMUNA,09208,092,Purén,puren,,
3,COMUNA,09209,092,Renaico,renaico,,
3,COMUNA,09210,092,Traiguén,traiguen,,
3,COMUNA,09211,092,Victoria,victoria,,
3,COMUNA,10101,101,Puerto Montt,puerto-montt,,
3,COMUNA,10102,101,Calbuco,calbuco,,
3,COMUNA,10103,101,Cochamó,cochamo,,
3,COMUNA,10104,101,Fresia,fresia,,
3,COMUNA,10105,101,Frutillar,frutillar,,
3,COMUNA,10106,101,Los Muermos,los-muermos,,
3,COMUNA,10107,101,Llanquihue,llanquihue,,
3,COMUNA,10108,101,Maullín,maullin,,
3,COMUNA,10109,101,Puerto Varas,puerto-varas,,
3,COMUNA,10201,102,Castro,castro,,
3,COMUNA,10202,102,Ancud,ancud,,
3,COMUNA,10203,102,Chonchi,chonchi,,
3,COMUNA,10204,102,Curaco de Vélez,curaco-de-velez,,
3,COMUNA,10205,102,Dalcahue,dalcahue,,
3,COMUNA,10206,102,Puqueldón,puqueldon,,
3,COMUNA,10207,102,Queilén,queilen,,
3,COMUNA,10208,102,Quellón,quellon,,
3,COMUNA,10209,102,Quemchi,quemchi,,
3,COMUNA,10210,102,Quinchao,quinchao,,
3,COMUNA,10301,103,Osorno,osorno,,
3,COMUNA,10302,103,Puerto Octay,puerto-octay,,
3,COMUNA,10303,103,Purranque,purranque,,
3,COMUNA,10304,103,Puyehue,puyehue,,
3,COMUNA,10305,103,Río Negro,rio-negro,,
3,COMUNA,10306,103,San Juan de la Costa,san-juan-de-la-costa,,
3,COMUNA,10307,103,San Pablo,san-pablo,,
3,COMUNA,10401,104,Chaitén,chaiten,,
3,COMUNA,10402,104,Futaleufú,futaleufu,,
3,COMUNA,10403,104,Hualaihué,hualaihue,,
3,COMUNA,10404,104,Palena,palena,,
3,COMUNA,11101,111,Coihaique,coihaique,,
3,COMUNA,11102,111,Lago Verde,lago-verde,,
3,COMUNA,11201,112,Aisén,aisen,,
3,COMUNA,11202,112,Cisnes,cisnes,,
3,COMUNA,11203,112,Guaitecas,guaitecas,,
3,COMUNA,11301,113,Cochrane,cochrane,,
3,COMUNA,11302,113,O'Higgins,o-higgins,,
3,COMUNA,11303,113,Tortel,tortel,,
3,COMUNA,11401,114,Chile Chico,chile-chico,,
3,COMUNA,11402,114,Río Ibáñez,rio-ibanez,,
3,COMUNA,12101,121,Punta Arenas,punta-arenas,,
3,COMUNA,12102,121,Laguna Blanca,laguna-blanca,,
3,COMUNA,12103,121,Río Verde,rio-verde,,
3,COMUNA,12104,121,San Gregorio,san-gregorio,,
3,COMUNA,12201,122,Cabo de Hornos,cabo-de-hornos,,
3,COMUNA,12202,122,Antártica,antartica,,
3,COMUNA,12301,123,Porvenir,porvenir,,
3,COMUNA,12302,123,Primavera,primavera,,
3,COMUNA,12303,123,Timaukel,timaukel,,
3,COMUNA,12401,124,Natales,natales,,
3,COMUNA,12402,124,Torres del Paine,torres-del-paine,,
3,COMUNA,13101,131,Santiago,santiago,,
3,COMUNA,13102,131,Cerrillos,cerrillos,,
3,COMUNA,13103,131,Cerro Navia,cerro-navia,,
3,COMUNA,13104,131,Conchalí,conchali,,
3,COMUNA,13105,131,El Bosque,el-bosque,,
3,COMUNA,13106,131,Estación Central,estacion-central,,
3,COMUNA,13107,131,Huechuraba,huechuraba,,
3,COMUNA,13108,131,Independencia,independencia,,
3,COMUNA,13109,131,La Cisterna,la-cisterna,,
3,COMUNA,13110,131,La Florida,la-florida,,
3,COMUNA,13111,131,La Granja,la-granja,,
3,COMUNA,13112,131,La Pintana,la-pintana,,
3,COMUNA,13113,131,La Reina,la-reina,,
3,COMUNA,13114,131,Las Condes,las-condes,,
3,COMUNA,13115,131,Lo Barnechea,lo-barnechea,,
3,COMUNA,13116,131,Lo Espejo,lo-espejo,,
3,COMUNA,13117,131,Lo Prado,lo-prado,,
3,COMUNA,13118,131,Macul,macul,,
3,COMUNA,13119,131,Maipú,maipu,,
3,COMUNA,13120,131,Ñuñoa,nunoa,,
3,COMUNA,13121,131,Pedro Aguirre Cerda,pedro-aguirre-cerda,,
3,COMUNA,13122,131,Peñalolén,penalolen,,
3,COMUNA,13123,131,Providencia,providencia,,
3,COMUNA,13124,131,Pudahuel,pudahuel,,
3,COMUNA,13125,131,Quilicura,quilicura,,
3,COMUNA,13126,131,Quinta Normal,quinta-normal,,
3,COMUNA,13127,131,Recoleta,recoleta,,
3,COMUNA,13128,131,Renca,renca,,
3,COMUNA,13129,131,San Joaquín,san-joaquin,,
3,COMUNA,13130,131,San Miguel,san-miguel,,
3,COMUNA,13131,131,San Ramón,san-ramon,,
3,COMUNA,13132,131,Vitacura,vitacura,,
3,COMUNA,13201,132,Puente Alto,puente-alto,,
3,COMUNA,13202,132,Pirque,pirque,,
3,COMUNA,13203,132,San José de Maipo,san-jose-de-maipo,,
3,COMUNA,13301,133,Colina,colina,,
3,COMUNA,13302,133,Lampa,lampa,,
3,COMUNA,13303,133,Tiltil,tiltil,,
3,COMUNA,13401,134,San Bernardo,san-bernardo,,
3,COMUNA,13402,134,Buin,buin,,
3,COMUNA,13403,134,Calera de Tango,calera-de-tango,,
3,COMUNA,13404,134,Paine,paine,,
3,COMUNA,13501,135,Melipilla,melipilla,,
3,COMUNA,13502,135,Alhué,alhue,,
3,COMUNA,13503,135,Curacaví,curacavi,,
3,COMUNA,13504,135,María Pinto,maria-pinto,,
3,COMUNA,13505,135,San Pedro,san-pedro,,
3,COMUNA,13601,136,Talagante,talagante,,
3,COMUNA,13602,136,El Monte,el-monte,,
3,COMUNA,13603,136,Isla de Maipo,isla-de-maipo,,
3,COMUNA,13604,136,Padre Hurtado,padre-hurtado,,
3,COMUNA,13605,136,Peñaflor,penaflor,,
3,COMUNA,14101,141,Valdivia,valdivia,,
3,COMUNA,14102,141,Corral,corral,,
3,COMUNA,14103,141,Lanco,lanco,,
3,COMUNA,14104,141,Los Lagos,los-lagos,,
3,COMUNA,14105,141,Máfil,mafil,,
3,COMUNA,14106,141,Mariquina,mariquina,,
3,COMUNA,14107,141,Paillaco,paillaco,,
3,COMUNA,14108,141,Panguipulli,panguipulli,,
3,COMUNA,14201,142,La Unión,la-union,,
3,COMUNA,14202,142,Futrono,futrono,,
3,COMUNA,14203,142,Lago Ranco,lago-ranco,,
3,COMUNA,14204,142,Río Bueno,rio-bueno,,
3,COMUNA,15101,151,Arica,arica,,
3,COMUNA,15102,151,Camarones,camarones,,
3,COMUNA,15201,152,Putre,putre,,
3,COMUNA,15202,152,General Lagos,general-lagos,,
3,COMUNA,16101,161,Chillán,chillan,,
3,COMUNA,16102,161,Bulnes,bulnes,,
3,COMUNA,16103,161,Chillán Viejo,chillan-viejo,,
3,COMUNA,16104,161,El Carmen,el-carmen,,
3,COMUNA,16105,161,Pemuco,pemuco,,
3,COMUNA,16106,161,Pinto,pinto,,
3,COMUNA,16107,161,Quillón,quillon,,
3,COMUNA,16108,161,San Ignacio,san-ignacio,,
3,COMUNA,16109,161,Yungay,yungay,,
3,COMUNA,16201,162,Quirihue,quirihue,,
3,COMUNA,16202,162,Cobquecura,cobquecura,,
3,COMUNA,16203,162,Coelemu,coelemu,,
3,COMUNA,16204,162,Ninhue,ninhue,,
3,COMUNA,16205,162,Portezuelo,portezuelo,,
3,COMUNA,16206,162,Ranquil,ranquil,,
3,COMUNA,16207,162,Treguaco,treguaco,,
3,COMUNA,16301,163,San Carlos,san-carlos,,
3,COMUNA,16302,163,Coihueco,coihueco,,
3,COMUNA,16303,163,Ñiquén,niquen,,
3,COMUNA,16304,163,San Fabián,san-fabian,,
3,COMUNA,16305,163,San Nicolás,san-nicolas,,
